City_ID,City,Lat,Lng,Max Temp,Humidity,Cloudiness,Wind Speed,Country,Date
0,port-aux-francais,-49.35,70.2167,5.71,99,100,5.66,TF,1735878748
1,yellowknife,62.456,-114.3525,-34.69,75,0,3.09,CA,1735878749
2,crane,31.3974,-102.3501,13.69,20,0,3.64,US,1735878750
3,kourou,5.1552,-52.6478,24.12,95,71,2.25,GF,1735878751
4,constantia,44.1833,28.65,1.5,61,22,4.47,RO,1735878753
5,rongelap,11.1635,166.8941,27.27,75,88,8.16,MH,1735878754
6,bilibino,68.0546,166.4372,-20.38,95,23,2.0,RU,1735878755
7,selkirk,50.1436,-96.8845,-16.6,94,98,3.35,CA,1735878665
8,okhotsk,59.3833,143.3,-21.74,65,100,10.1,RU,1735878736
9,georgetown,5.4112,100.3354,31.97,58,20,4.63,MY,1735878758
10,dharamsala,32.2419,76.3213,14.62,33,100,0.49,IN,1735878759
11,bethel,41.3712,-73.414,0.0,67,5,4.02,US,1735878760
12,santuario,6.1383,-75.2642,15.9,94,100,1.54,CO,1735878763
13,chegdomyn,51.1167,133.0167,-24.08,85,71,0.54,RU,1735878764
14,ushuaia,-54.8,-68.3,10.81,58,20,2.06,AR,1735878672
15,albany,42.6001,-73.9662,-0.89,68,24,2.24,US,1735878726
16,muisne,0.6,-80.0333,24.57,86,100,2.66,EC,1735878767
17,puerto ayora,-0.7393,-90.3518,23.64,97,24,1.34,EC,1735878612
18,ziro,27.6333,93.8333,17.13,31,0,0.04,IN,1735878769
19,dwarka,22.2394,68.9678,23.74,43,14,2.56,IN,1735878770
20,newport beach,33.6189,-117.9289,14.36,73,91,1.66,US,1735878673
21,hamilton,39.1834,-84.5333,2.22,79,100,2.57,US,1735878639
22,zouerate,22.7187,-12.4521,11.11,29,0,5.37,MR,1735878774
23,dul'durga,50.6761,113.5931,-11.43,67,8,0.54,RU,1735878775
24,bangar,16.8936,120.4243,25.37,88,100,3.29,PH,1735878776
25,katima mulilo,-17.5,24.2667,19.93,95,100,1.66,NA,1735878777
26,waitangi,-43.9535,-176.5597,17.12,96,100,2.68,NZ,1735878778
27,lebu,-37.6167,-73.65,13.08,99,3,6.58,CL,1735878780
28,atafu village,-8.5421,-172.5159,28.13,69,63,4.83,TK,1735878781
29,port alfred,-33.5906,26.891,23.43,90,3,5.17,ZA,1735878782
30,nuuk,64.1835,-51.7216,2.34,93,100,13.89,GL,1735878783
31,bredasdorp,-34.5322,20.0403,19.99,78,12,0.86,ZA,1735878787
32,mejit,10.2753,170.8646,27.47,77,79,6.87,MH,1735878788
33,hawaiian paradise park,19.5933,-154.9731,22.73,90,100,1.54,US,1735878789
34,cuamba,-14.8031,36.5372,21.39,95,100,0.95,MZ,1735878790
35,grytviken,-54.2811,-36.5092,10.47,84,30,4.88,GS,1735878791
36,fonte boa,-2.4959,-66.2662,23.61,98,100,0.96,BR,1735878792
37,whitehorse,60.7161,-135.0538,-28.57,76,75,2.06,CA,1735878793
38,ancud,-41.8697,-73.8203,12.61,96,40,0.13,CL,1735878697
39,monchegorsk,67.9397,32.8739,-18.96,100,96,1.16,RU,1735878796
40,cidade velha,14.9167,-23.6167,22.26,73,20,4.63,CV,1735878797
41,barretos,-20.5572,-48.5678,20.89,94,86,2.42,BR,1735878613
42,carnarvon,-24.8667,113.6333,28.55,62,0,9.1,AU,1735878799
43,pagar alam,-4.0167,103.2667,29.45,51,100,1.64,ID,1735878800
44,igarka,67.4667,86.5833,-16.33,95,100,3.13,RU,1735878801
45,tsiombe,-25.3,45.4833,30.39,55,85,1.39,MG,1735878802
46,utrik,11.2278,169.8474,27.14,79,99,6.74,MH,1735878803
47,ubinskoye,55.3068,79.6802,-11.92,91,87,7.42,RU,1735878805
48,olonkinbyen,70.9221,-8.7187,-8.37,79,100,14.15,SJ,1735878806
49,walvis bay,-22.9575,14.5053,17.18,89,100,1.55,NA,1735878807
50,bima,-8.4667,118.7167,25.89,91,100,1.2,ID,1735878808
51,gisborne,-38.6533,178.0042,21.23,64,76,3.11,NZ,1735878809
52,edinburgh of the seven seas,-37.0676,-12.3116,14.37,75,10,8.34,SH,1735878810
53,puerto natales,-51.7236,-72.4875,6.98,90,19,2.14,CL,1735878778
54,rio gallegos,-51.6226,-69.2181,12.03,58,0,1.54,AR,1735878812
55,svetlyy,54.675,20.1347,2.3,58,77,8.67,RU,1735878813
56,yenisehir,40.2644,29.6531,-1.97,100,48,1.54,TR,1735878815
57,adamstown,-25.066,-130.1015,24.25,81,40,5.65,PN,1735878816
58,diawara,15.022,-12.5437,18.28,18,2,6.03,SN,1735878817
59,vorgashor,67.5833,63.95,-17.6,92,89,3.7,RU,1735878818
60,dire,12.2833,-10.9667,19.21,27,8,0.82,ML,1735878819
61,badger,64.8,-147.5333,-35.86,72,0,0.0,US,1735878820
62,papatowai,-46.5619,169.4708,12.22,76,100,6.4,NZ,1735878821
63,manggar,-2.8833,108.2667,29.89,64,94,1.87,ID,1735878575
64,saint-zotique,45.2501,-74.2492,-2.97,80,100,6.69,CA,1735878825
65,ust-nera,64.5667,143.2,-43.02,94,40,0.95,RU,1735878826
66,tralee,52.2704,-9.7026,0.51,83,4,1.09,IE,1735878827
67,north bend,43.4065,-124.2243,12.95,100,100,2.57,US,1735878708
68,san patricio,28.017,-97.5169,17.97,93,34,1.88,US,1735878829
69,blackmans bay,-43.0167,147.3167,21.4,60,64,0.45,AU,1735878830
70,punta arenas,-53.15,-70.9167,11.06,62,40,7.2,CL,1735878592
71,pacific grove,36.6177,-121.9166,13.57,82,0,2.24,US,1735878832
72,linhares,-19.3911,-40.0722,22.09,98,56,2.13,BR,1735878834
73,vung tau,10.346,107.0843,26.5,72,75,1.45,VN,1735878835
74,longyearbyen,78.2186,15.6401,-4.09,54,75,9.26,SJ,1735878836
75,namibe,-15.1961,12.1522,21.05,76,100,1.39,AO,1735878837
76,chibougamau,49.9168,-74.3659,-12.21,85,100,8.75,CA,1735878838
77,rikaze,29.25,88.8833,4.7,11,1,1.08,CN,1735878839
78,sitia,35.2,26.0986,14.06,81,94,2.66,GR,1735878840
79,riviere-du-loup,47.8304,-69.5342,-2.51,100,100,4.12,CA,1735878841
80,invercargill,-46.4,168.35,15.01,74,88,5.36,NZ,1735878843
81,laojunmiao,39.8333,97.7333,-3.55,46,83,0.88,CN,1735878844
82,stanley,54.868,-1.6985,0.29,80,0,6.69,GB,1735878845
83,mount pearl,47.5166,-52.7813,5.08,97,75,7.2,CA,1735878846
84,kerikeri,-35.2268,173.9474,20.11,46,11,5.16,NZ,1735878847
85,nainwa,25.7667,75.85,20.48,29,43,1.14,IN,1735878848
86,palmerston,-12.486,130.9833,34.38,67,75,4.63,AU,1735878849
87,uturoa,-16.7333,-151.4333,27.98,76,93,3.43,PF,1735878850
88,galliano,29.4422,-90.2992,14.44,79,57,1.37,US,1735878852
89,port pirie,-33.1833,138.0167,34.61,12,1,3.3,AU,1735878853
90,talamba,30.5271,72.2401,19.45,15,100,1.16,PK,1735878854
91,januaria,-15.4833,-44.3667,21.98,84,89,1.27,BR,1735878855
92,glendive,47.1053,-104.7125,-11.21,85,100,1.54,US,1735878856
93,vikhorevka,56.1201,101.1636,-10.27,75,100,0.99,RU,1735878857
94,aioun,16.6614,-9.6149,12.88,25,0,6.34,MR,1735878858
95,klyuchi,52.2667,79.1667,-7.79,81,91,7.85,RU,1735878859
96,la ronge,55.1001,-105.2842,-25.86,76,20,2.57,CA,1735878861
97,port mathurin,-19.6833,63.4167,25.83,67,1,7.18,MU,1735878862
98,melekeok village,7.4957,134.6367,31.31,70,75,3.09,PW,1735878863
99,enewetak,11.3474,162.3373,27.27,70,72,8.13,MH,1735878864
100,saudarkrokur,65.7461,-19.6394,-5.49,89,91,5.17,IS,1735878865
101,atherton,53.5237,-2.4935,0.81,96,13,3.89,GB,1735878866
102,qamdo,31.1667,97.2333,2.23,15,61,2.85,CN,1735878867
103,zalingei,12.9096,23.4741,15.52,20,66,1.1,SD,1735878868
104,avarua,-21.2078,-159.775,27.03,89,40,2.57,CK,1735878870
105,xuddur,4.1213,43.8894,23.18,69,20,10.91,SO,1735878871
106,gazojak,41.1875,61.4036,2.13,76,7,1.69,TM,1735878872
107,hithadhoo,-0.6,73.0833,27.83,77,100,7.15,MV,1735878873
108,nakatsugawa,35.4833,137.5,8.39,66,57,2.86,JP,1735878874
109,ribeira grande,38.5167,-28.7,18.76,94,99,8.94,PT,1735878875
110,new iberia,30.0035,-91.8187,15.04,68,100,2.06,US,1735878876
111,lompoc,34.6391,-120.4579,11.19,74,0,1.54,US,1735878877
112,touros,-5.1989,-35.4608,26.35,81,9,5.74,BR,1735878879
113,coquimbo,-29.9533,-71.3436,16.25,87,40,1.2,CL,1735878880
114,san luis de la loma,17.2706,-100.8939,23.57,86,14,0.93,MX,1735878882
115,sao sepe,-30.1606,-53.5653,19.81,67,22,2.28,BR,1735878883
116,qaqortoq,60.7167,-46.0333,-2.35,92,99,3.01,GL,1735878884
117,nyurba,63.2842,118.3319,-33.01,95,100,2.04,RU,1735878885
118,bowen,-20.0167,148.2333,28.38,67,76,6.34,AU,1735878887
119,severo-yeniseyskiy,60.3725,93.0408,-12.01,95,100,2.36,RU,1735878888
120,el bolson,-41.9667,-71.5167,13.55,96,34,1.68,AR,1735878811
121,fort bragg,35.139,-79.006,1.56,74,0,0.0,US,1735878890
122,kill devil hills,36.0307,-75.676,5.01,68,0,2.57,US,1735878891
123,port elizabeth,-33.918,25.5701,22.95,96,75,2.06,ZA,1735878892
124,el alto,-4.2714,-81.2147,20.65,81,100,3.89,PE,1735878893
125,gadzhiyevo,69.2551,33.3362,-18.35,100,100,4.15,RU,1735878894
126,nemuro,43.3236,145.575,-3.35,57,2,6.04,JP,1735878896
127,port lincoln,-34.7333,135.8667,25.83,46,25,1.85,AU,1735878897
128,tezu,27.9167,96.1667,24.59,24,0,1.66,IN,1735878898
129,carloforte,39.145,8.3058,13.81,81,16,6.07,IT,1735878899
130,mersa matruh,31.3525,27.2453,9.11,87,0,1.54,EG,1735878900
131,la passe,45.5549,-0.8967,6.82,89,100,2.35,FR,1735878902
132,kantharalak,14.6406,104.6499,27.63,51,84,4.92,TH,1735878903
133,arraial do cabo,-22.9661,-42.0278,24.02,91,96,3.72,BR,1735878905
134,howrah,22.5892,88.3103,17.0,72,62,3.09,IN,1735878906
135,rawlins,41.7911,-107.2387,1.31,64,0,10.29,US,1735878907
136,kilkenny,52.6542,-7.2522,-2.01,96,8,1.41,IE,1735878908
137,leh,34.1667,77.5833,-7.54,78,100,1.39,IN,1735878909
138,codrington,-38.2667,141.9667,20.13,54,0,7.02,AU,1735878910
139,hermanus,-34.4187,19.2345,21.0,83,4,2.78,ZA,1735878911
140,khulm,36.6974,67.6983,1.62,92,100,2.46,AF,1735878912
141,port-gentil,-0.7193,8.7815,26.96,80,97,3.27,GA,1735878913
142,kingston,17.997,-76.7936,24.53,88,40,2.06,JM,1735878915
143,nagqu,31.5,92.0,1.68,13,9,10.71,CN,1735878916
144,vila franca do campo,37.7167,-25.4333,18.27,99,99,8.64,PT,1735878917
145,palapag,12.5458,125.1147,29.9,69,26,3.44,PH,1735878918
146,arawa,-6.2132,155.5367,28.63,78,44,0.24,PG,1735878919
147,laksham,23.2472,91.1425,22.8,52,13,1.91,BD,1735878920
148,bonthe,7.5264,-12.505,24.16,89,10,1.62,SL,1735878922
149,west island,-12.1568,96.8225,28.99,70,20,6.17,CC,1735878923
150,huarmey,-10.0681,-78.1522,21.48,81,85,2.99,PE,1735878924
151,kudymkar,59.0173,54.656,-5.04,83,79,5.4,RU,1735878925
152,changli,39.7042,119.1506,2.16,18,0,4.52,CN,1735878926
153,lata,40.1629,-8.3327,6.64,79,98,2.08,PT,1735878927
154,anadyr,64.75,177.4833,-12.72,85,90,3.0,RU,1735878928
155,iqaluit,63.7506,-68.5145,-6.15,79,100,0.0,CA,1735878930
156,thompson,55.7435,-97.8558,-26.91,69,40,3.09,CA,1735878931
157,villa gesell,-37.2639,-56.973,15.71,79,20,9.32,AR,1735878932
158,antonio enes,-16.2325,39.9086,26.65,83,100,3.33,MZ,1735878933
159,viqueque,-8.8673,126.3658,28.29,70,100,2.7,TL,1735878934
160,tura,25.5198,90.2201,24.05,40,0,1.16,IN,1735878935
161,saint-philippe,-21.3585,55.7679,25.88,77,16,4.4,RE,1735878936
162,severobaykal'sk,55.65,109.3167,-10.93,78,95,0.34,RU,1735878937
163,saldanha,-33.0117,17.9442,16.03,91,4,5.18,ZA,1735878939
164,turbat,26.0023,63.044,14.46,38,24,10.28,PK,1735878940
165,ulladulla,-35.35,150.4667,23.31,59,55,8.88,AU,1735878941
166,jamestown,42.097,-79.2353,-3.2,87,100,5.66,US,1735878768
167,kikvidze,50.7416,43.0518,1.83,85,0,6.3,RU,1735878736
168,bamako,12.65,-8.0,19.23,27,0,6.17,ML,1735878945
169,chemolgan,43.1897,76.5292,-1.62,84,27,0.81,KZ,1735878946
170,flying fish cove,-10.4217,105.6791,27.82,83,75,4.12,CX,1735878947
171,keetmanshoop,-26.5833,18.1333,27.9,31,59,0.9,NA,1735878948
172,wailua homesteads,22.0669,-159.378,23.44,85,40,4.12,US,1735878949
173,wanning,18.8003,110.3967,23.53,51,5,6.83,CN,1735878950
174,panama city beach,30.1766,-85.8055,7.01,100,0,0.0,US,1735878951
175,talnakh,69.4865,88.3972,-19.82,99,98,2.76,RU,1735878952
176,college,64.8569,-147.8028,-36.06,69,0,0.0,US,1735878953
177,vilyuysk,63.7553,121.6247,-43.71,99,54,1.64,RU,1735878954
178,naze,28.3667,129.4833,15.51,55,78,8.54,JP,1735878956
179,broome,42.2506,-75.833,-1.83,71,100,7.2,US,1735878957
180,xichang,27.8964,102.2634,14.2,50,1,1.2,CN,1735878958
181,kerema,-7.9631,145.7785,28.94,69,98,3.09,PG,1735878959
182,shache,38.4167,77.2406,-0.15,34,84,0.21,CN,1735878960
183,gordonvale,-17.0936,145.7842,30.88,79,99,1.82,AU,1735878961
184,tiksi,71.6872,128.8694,-31.04,96,100,4.22,RU,1735878962
185,santa ana de yacuma,-13.75,-65.4333,25.26,71,64,2.51,BO,1735878965
186,dubti,11.7361,41.0853,23.81,64,24,3.44,ET,1735878966
187,celestun,20.8667,-90.4,22.59,75,100,5.53,MX,1735878967
188,taksimo,56.3444,114.8794,-16.64,80,65,0.78,RU,1735878968
189,kingscliff,-28.2667,153.5667,27.19,65,75,8.75,AU,1735878969
190,howard springs,-12.497,131.047,34.34,52,37,3.38,AU,1735878970
191,vadso,70.0744,29.7487,-7.91,93,100,5.66,NO,1735878972
192,hadibu,12.65,54.0333,24.18,67,80,9.66,YE,1735878973
193,petropavlovsk-kamchatsky,53.0452,158.6483,-1.67,86,100,7.0,RU,1735878974
194,bikenibeu village,1.3673,173.1241,27.42,80,59,5.65,KI,1735878975
195,sarmiento,-45.5882,-69.07,20.47,48,30,2.89,AR,1735878976
196,prince rupert,54.3161,-130.3201,1.83,95,100,7.72,CA,1735878977
197,margaret river,-33.95,115.0667,21.67,65,100,7.1,AU,1735878979
198,sisimiut,66.9395,-53.6735,-0.88,97,100,4.37,GL,1735878981
199,ilha de mocambique,-15.0342,40.7358,27.01,85,100,4.16,MZ,1735878982
200,prado,-17.3411,-39.2208,23.89,90,97,3.65,BR,1735878983
201,baiyin,36.5583,104.2081,-1.25,35,76,0.42,CN,1735878984
202,daru,-9.0763,143.2092,29.57,65,60,3.36,PG,1735878985
203,aksu,41.1231,80.2644,-5.31,74,70,0.24,CN,1735878986
204,jianshui,23.6363,102.8264,17.73,62,64,0.97,CN,1735878987
205,kapuskasing,49.4169,-82.4331,-14.95,78,100,7.72,CA,1735878988
206,susuman,62.7833,148.1667,-32.04,92,98,0.75,RU,1735878990
207,inari,68.906,27.0288,-21.87,99,99,1.91,FI,1735878992
208,hasaki,35.7333,140.8333,7.41,90,100,6.48,JP,1735878993
209,coxen hole,16.3244,-86.5366,23.6,88,40,1.03,HN,1735878994
210,kodiak,57.79,-152.4072,1.73,93,100,3.09,US,1735878995
211,dakhla,23.6848,-15.958,16.68,39,0,6.97,EH,1735878996
212,meulaboh,4.1363,96.1285,27.36,79,66,0.85,ID,1735878998
213,geraldton,-28.7667,114.6,26.23,57,4,8.23,AU,1735878999
214,salumbar,24.1333,74.05,23.07,26,15,1.6,IN,1735879000
215,minas de marcona,-15.2119,-75.1103,17.91,76,100,1.68,PE,1735879001
216,puerto santa,-8.9906,-78.6456,20.32,84,94,3.03,PE,1735879002
217,santa cruz,-17.8,-63.1667,24.7,88,75,1.03,BO,1735878840
218,kismayo,-0.3582,42.5454,26.87,75,3,8.01,SO,1735879004
219,cidreira,-30.1811,-50.2056,22.53,87,42,2.58,BR,1735879005
220,dryden,49.7833,-92.7503,-16.84,85,100,3.6,CA,1735879006
221,al burayqah,30.4062,19.5739,13.74,56,100,5.61,LY,1735879008
222,rio grande,-32.035,-52.0986,19.59,75,16,5.59,BR,1735879009
223,mil'kovo,55.6078,37.7956,-0.92,87,99,4.63,RU,1735879010
224,lazaro cardenas,17.9583,-102.2,23.16,81,100,1.18,MX,1735879011
225,es castell,39.8795,4.2854,12.38,82,20,4.12,ES,1735879012
226,keflavik,64.0049,-22.5624,1.24,93,100,3.6,IS,1735879013
227,atakpame,7.5333,1.1333,23.51,83,75,1.16,TG,1735879014
228,gizo,-8.103,156.8419,28.12,76,75,3.35,SB,1735879015
229,villa regina,-39.1,-67.0667,23.32,20,52,0.45,AR,1735879017
230,saipan,15.1355,145.701,31.39,79,40,7.2,MP,1735879018
231,kayangel,8.0823,134.7173,27.6,79,99,6.43,PW,1735879019
232,acarau,-2.8856,-40.12,26.71,82,9,5.75,BR,1735879020
233,tsaratanana,-16.7833,47.65,25.97,60,93,2.96,MG,1735879021
234,prince albert,53.2001,-105.7677,-24.03,84,0,1.54,CA,1735879022
235,vidyayevo,69.3191,32.8049,-18.17,98,96,4.05,RU,1735879023
236,tyukhtet,56.5389,89.3011,-7.56,85,100,6.34,RU,1735879024
237,ashland,40.8167,-82.2665,-2.63,96,72,3.92,US,1735879026
238,vilyuchinsk,52.9306,158.4028,-0.85,96,100,4.02,RU,1735879027
239,lampang,18.3333,99.5,29.59,61,20,1.54,TH,1735879028
240,urengoy,65.9667,78.3667,-18.19,98,99,3.94,RU,1735879029
241,trenggalek,-8.05,111.7167,30.65,56,84,2.67,ID,1735879030
242,ebon,4.582,168.6964,27.39,80,100,6.98,MH,1735879031
243,mili,6.0815,171.735,27.87,80,98,8.09,MH,1735879032
244,sambava,-14.2667,50.1667,26.77,70,11,2.92,MG,1735879033
245,makar'yev,57.8797,43.8069,-8.09,93,83,1.45,RU,1735879035
246,tinyahuarco,-10.75,-76.3,1.27,100,100,1.14,PE,1735879036
247,barah,13.7,30.3667,15.58,31,42,4.72,SD,1735879037
248,as sulayyil,20.4607,45.5779,11.14,35,0,3.96,SA,1735879038
249,kedougou,12.5579,-12.1743,20.45,26,11,1.75,SN,1735879039
250,outjo,-20.1167,16.15,18.54,89,100,3.13,NA,1735878851
251,wewak,-3.5534,143.6268,28.02,78,95,3.32,PG,1735879041
252,bamboo flat,11.7,92.7167,28.05,74,40,3.09,IN,1735879042
253,thunder bay,48.4001,-89.3168,-12.01,72,75,5.66,CA,1735879043
254,vorkuta,67.5,64.0,-18.78,94,94,2.89,RU,1735879045
255,campos altos,-19.6961,-46.1714,16.21,96,50,2.09,BR,1735879046
256,winnemucca,40.973,-117.7357,6.03,75,0,2.57,US,1735879047
257,piti village,13.4626,144.6933,30.17,83,75,6.17,GU,1735879049
258,black point,-34.6187,137.8972,28.52,35,6,2.44,AU,1735879050
259,atar,20.5169,-13.0499,12.78,24,0,4.77,MR,1735879051
260,chumphon,10.3333,98.8333,29.86,39,100,2.79,TH,1735879052
261,joao pinheiro,-17.7425,-46.1725,18.91,95,75,1.66,BR,1735879054
262,cheremukhovo,60.3484,59.9851,-6.52,87,96,2.82,RU,1735878809
263,nova vicosa,-17.8919,-39.3719,24.0,88,94,3.69,BR,1735879056
264,nar'yan-mar,67.6713,53.087,-7.97,95,100,4.86,RU,1735879057
265,siwa oasis,29.2041,25.5195,11.31,68,100,2.89,EG,1735879058
266,haiku-pauwela,20.9219,-156.3051,23.01,77,20,9.39,US,1735879059
267,mogocha,53.7333,119.7667,-19.69,80,28,0.93,RU,1735878918
268,san antonio,29.4241,-98.4936,16.29,86,100,3.09,US,1735878987
269,kemijarvi,66.7131,27.4306,-20.01,99,100,0.26,FI,1735879063
270,praia da vitoria,38.7333,-27.0667,18.14,100,75,10.95,PT,1735879064
271,conde,-7.2597,-34.9075,25.7,89,20,2.57,BR,1735879065
272,puerto baquerizo moreno,-0.9,-89.6,23.22,91,22,3.7,EC,1735879066
273,yaren,-0.5472,166.916,27.81,76,80,4.56,NR,1735879067
274,arad,46.3333,21.75,5.03,84,100,4.94,RO,1735879068
275,bodaybo,57.8506,114.1933,-17.78,98,99,0.41,RU,1735879069
276,greenville,35.6127,-77.3663,1.97,69,0,0.0,US,1735878851
277,dolisie,-4.1997,12.6739,22.0,96,100,1.21,CG,1735879071
278,al kharijah,25.4514,30.5464,11.06,36,2,2.75,EG,1735879073
279,tulun,54.5611,100.5792,-9.26,73,100,1.66,RU,1735879074
280,mukalla,14.5425,49.1242,22.54,28,10,6.18,YE,1735879075
281,lospalos,-8.5186,127.0025,27.67,70,100,4.86,TL,1735879076
282,cabedelo,-6.9811,-34.8339,26.37,80,34,5.23,BR,1735879077
283,inarajan village,13.2736,144.7484,30.22,85,19,7.45,GU,1735879078
284,iskateley,67.6803,53.1512,-7.99,94,100,4.91,RU,1735879079
285,muniz freire,-20.4642,-41.4131,19.38,96,96,2.75,BR,1735879080
286,bathurst,-33.4166,149.5806,25.18,40,63,2.97,AU,1735879083
287,tromso,69.6496,18.957,-2.99,86,100,2.57,NO,1735879084
288,el calafate,-50.3408,-72.2768,11.82,69,0,3.44,AR,1735879085
289,sangerhausen,51.4667,11.3,1.42,87,99,6.21,DE,1735879086
290,oranjemund,-28.55,16.4333,16.79,90,12,4.5,NA,1735879088
291,itaituba,-4.2761,-55.9836,22.94,99,100,0.52,BR,1735879089
292,marco island,25.9363,-81.7157,17.0,91,100,5.28,US,1735879075
293,itoman,26.1247,127.6694,20.22,59,75,9.26,JP,1735879092
294,holualoa,19.6228,-155.9522,23.91,79,75,2.57,US,1735879093
295,ishimbay,53.4545,56.0415,-0.69,89,98,7.34,RU,1735879094
296,dudinka,69.4058,86.1778,-22.92,100,79,1.38,RU,1735879095
297,ilulissat,69.2167,-51.1,-1.99,100,100,4.12,GL,1735879096
298,pangody,65.85,74.4859,-13.08,94,100,5.1,RU,1735879097
299,qacha's nek,-30.1154,28.6894,20.74,50,16,2.14,LS,1735879099
300,bel ombre,-4.6167,55.4167,27.91,89,40,4.12,SC,1735879100
301,ciudad lazaro cardenas,17.9583,-102.2,23.16,81,100,1.18,MX,1735879101
302,soe,-9.8607,124.284,21.6,81,100,1.61,ID,1735879102
303,ulsteinvik,62.3432,5.8487,2.07,83,100,5.36,NO,1735879103
304,biltine,14.5333,20.9167,18.33,16,5,4.72,TD,1735879104
305,broken hill,-31.95,141.4333,33.55,7,0,1.39,AU,1735879105
306,ta`u,-14.2336,-169.5144,28.7,76,100,4.38,AS,1735879106
307,gorom-gorom,14.4439,-0.2361,17.8,20,0,5.81,BF,1735879107
308,lijiang,26.8688,100.2207,12.69,36,0,2.73,CN,1735879109
309,ngereklmadel,7.4883,134.4856,31.05,70,75,3.09,PW,1735879110
310,santa ana,33.7456,-117.8678,16.07,68,0,0.0,US,1735879111
311,sierra grande,-41.606,-65.3557,16.06,63,28,0.68,AR,1735879112
312,quchan,37.106,58.5095,-1.92,81,68,2.6,IR,1735879113
313,rancheria payau,7.8541,123.1598,28.17,73,45,0.38,PH,1735879114
314,luanco,43.6152,-5.7934,11.71,92,100,0.89,ES,1735879115
315,baise city,23.8997,106.6133,24.17,41,1,0.6,CN,1735879116
316,kavieng,-2.5744,150.7967,29.1,70,56,1.02,PG,1735879117
317,lionel town,17.8101,-77.2406,22.24,87,76,2.77,JM,1735879119
318,tazovsky,67.4667,78.7,-18.84,98,100,4.91,RU,1735879120
319,miercurea nirajului,46.5333,24.8,-0.36,75,95,1.12,RO,1735879121
320,torquay,50.4638,-3.5143,2.89,78,2,2.74,GB,1735878952
321,kidal,18.4411,1.4078,13.49,30,0,6.35,ML,1735879123
322,santa elena de uairen,4.6167,-61.1333,18.66,89,38,1.8,VE,1735879124
323,baukau,51.5526,7.2042,2.52,92,97,4.29,DE,1735879125
324,berdigestyakh,62.0989,126.6992,-43.87,99,66,0.91,RU,1735879126
325,clinton,42.587,-82.9199,-0.99,68,100,5.14,US,1735878931
326,mount isa,-20.7333,139.5,36.87,18,75,6.69,AU,1735879129
327,bayburt,40.2589,40.2278,-16.06,76,3,1.54,TR,1735879130
328,mongo,12.1844,18.693,19.68,16,45,2.22,TD,1735879131
329,viedma,-40.8135,-62.9967,13.81,78,2,2.31,AR,1735878865
330,maquoketa,42.0689,-90.6657,-4.45,75,11,3.13,US,1735878856
331,praya,14.9215,-23.5087,22.3,73,20,4.63,CV,1735879055
332,tshikapa,-6.4167,20.8,21.07,95,84,1.0,CD,1735879135
333,zaozersk,69.4005,32.4476,-18.12,100,98,3.77,RU,1735879136
334,callao,-12.0667,-77.15,22.07,83,0,4.63,PE,1735879020
335,afaahiti,-17.75,-149.2833,25.32,84,70,11.22,PF,1735879138
336,santiago de cao,-7.9589,-79.2392,18.07,88,75,1.54,PE,1735879140
337,mahina,-17.5065,-149.489,26.87,83,75,6.17,PF,1735879141
338,chernyshevskiy,63.0128,112.4714,-35.36,99,100,1.01,RU,1735879142
339,nabire,-3.3667,135.4833,29.11,72,100,1.94,ID,1735879143
340,nadym,65.5333,72.5167,-13.47,96,100,4.14,RU,1735879144
341,mandalgovi,45.7625,106.2708,-13.02,62,0,2.49,MN,1735879145
342,natal,-5.795,-35.2094,27.12,78,40,4.12,BR,1735879146
343,steinbach,50.1667,8.5667,1.73,97,75,3.6,DE,1735879147
344,luderitz,-26.6481,15.1594,17.68,82,54,0.31,NA,1735879148
345,nadi,-17.8,177.4167,27.0,78,75,0.0,FJ,1735879150
346,fortaleza,-3.7227,-38.5247,28.07,78,40,4.12,BR,1735879052
347,weno,7.4515,151.8468,29.97,79,100,4.12,FM,1735879152
348,nova sintra,14.8667,-24.7167,24.05,65,3,4.45,CV,1735879153
349,fale old settlement,-9.3852,-171.2468,28.41,71,99,5.18,TK,1735879154
350,mariinsk,56.2139,87.7472,-7.97,82,100,6.45,RU,1735879155
351,shaowu,27.3409,117.4831,18.08,29,0,0.28,CN,1735879156
352,shawinigan,46.5668,-72.7491,-5.42,73,100,4.63,CA,1735879127
353,huadian,42.9633,126.7478,-8.52,60,2,5.34,CN,1735879158
354,cabo san lucas,22.8909,-109.9124,20.42,75,0,0.0,MX,1735879005
355,polyarnyy,69.1989,33.4478,-18.12,100,100,4.25,RU,1735879161
356,yarmouth,41.7057,-70.2286,2.2,60,0,10.73,US,1735879162
357,kupang,-10.1667,123.5833,30.32,84,100,3.6,ID,1735879163
358,kargasok,59.0556,80.8572,-12.55,92,98,5.26,RU,1735879164
359,cururupu,-1.8283,-44.8683,24.69,91,15,1.1,BR,1735879165
360,baley,51.6,116.6333,-16.75,88,34,0.93,RU,1735879166
361,la gi,10.6667,107.7833,27.76,76,92,2.23,VN,1735879167
362,borkum,53.5809,6.6915,5.31,62,98,15.61,DE,1735879169
363,ixtapa,20.7,-105.2,22.35,94,40,0.0,MX,1735879170
364,hammonton,39.6365,-74.8024,1.21,63,2,5.49,US,1735879172
365,taiyuan,37.8694,112.5603,-1.08,21,0,1.0,CN,1735879173
366,inirida,3.8653,-67.9239,23.54,95,97,0.25,CO,1735879174
367,ponta delgada,37.7333,-25.6667,18.44,100,75,8.75,PT,1735879175
368,dunedin,-45.8742,170.5036,12.63,83,100,8.93,NZ,1735879177
369,arkhangel'sk,64.5401,40.5433,-7.94,93,100,7.0,RU,1735879178
370,port augusta,-32.5,137.7667,36.74,9,0,1.88,AU,1735879179
371,freeport,40.6576,-73.5832,1.68,58,0,7.2,US,1735879180
372,metahara,8.9,39.9167,20.68,64,51,2.76,ET,1735879181
373,kailua-kona,19.6406,-155.9956,25.98,75,75,2.57,US,1735879182
374,revda,56.801,59.9303,0.42,89,100,6.49,RU,1735879183
375,udachny,66.4167,112.4,-35.07,98,100,2.06,RU,1735879184
376,brisas de zicatela,15.8369,-97.0419,26.29,83,0,1.54,MX,1735879185
377,miyaly,48.8844,53.7836,-0.84,92,0,5.36,KZ,1735879187
378,camana,-16.6228,-72.7111,21.9,81,98,2.16,PE,1735879188
379,kabo,7.6994,18.629,18.47,20,90,2.16,CF,1735879189
380,hohhot,40.8106,111.6522,-6.84,38,0,1.0,CN,1735879190
381,alofi,-19.0595,-169.9187,28.94,70,75,6.17,NU,1735879191
382,sarupathar,26.1984,93.8094,22.36,45,0,2.4,IN,1735879193
383,ola,59.5833,151.2833,-10.5,77,100,4.87,RU,1735879194
384,korla,41.7597,86.1469,-5.18,67,48,1.5,CN,1735879154
385,tolanaro,-25.0319,46.9987,28.76,62,99,3.63,MG,1735879197
386,cascais,38.6979,-9.4215,12.51,80,100,4.42,PT,1735879198
387,la londe-les-maures,43.1371,6.235,11.88,71,0,7.2,FR,1735879199
388,isafjordur,66.0755,-23.124,-2.85,84,98,4.9,IS,1735879200
389,tucumcari,35.1717,-103.725,1.91,55,0,4.12,US,1735879201
390,panna,24.7167,80.2,19.93,21,3,1.9,IN,1735879202
391,flagstaff,35.1981,-111.6513,2.23,51,0,0.0,US,1735879203
392,tottori,35.5,134.2333,7.04,70,75,3.09,JP,1735879204
393,happy valley-goose bay,53.3168,-60.3315,4.17,81,100,6.17,CA,1735879205
394,cambria,35.5641,-121.0808,11.7,65,40,1.34,US,1735879207
395,labrador city,52.9463,-66.9114,0.1,99,100,6.26,CA,1735879208
396,itapecuru mirim,-3.3925,-44.3586,23.52,98,17,1.21,BR,1735879209
397,farasan,16.7022,42.1183,26.56,66,0,1.28,SA,1735879210
398,vail,32.0479,-110.712,14.12,20,0,1.34,US,1735879212
399,kapoeta,4.7717,33.5903,27.77,34,88,6.33,SS,1735879213
400,east ballina,-28.8667,153.5833,23.83,76,100,6.02,AU,1735879214
401,cold lake,54.4502,-110.2017,-25.03,70,20,0.0,CA,1735879215
402,arno,60.1167,18.6333,-3.7,53,100,3.32,SE,1735879217
403,nogliki,51.8333,143.1667,-10.52,91,100,6.64,RU,1735879218
404,xilin hot,43.9667,116.0333,-11.03,68,3,5.69,CN,1735879219
405,lodja,-3.4833,23.4333,21.76,86,100,1.0,CD,1735879220
406,chonchi,-42.6128,-73.8092,15.07,98,84,0.81,CL,1735879221
407,huron,41.1501,-82.5499,-3.45,84,73,3.77,US,1735879222
408,barra de santo antonio,-9.4047,-35.5072,25.01,81,79,3.56,BR,1735879223
409,sansanne-mango,10.3592,0.4708,23.33,25,18,2.56,TG,1735879225
410,puerto aysen,-45.4,-72.7,12.32,94,92,1.27,CL,1735879226
411,san carlos,9.6612,-68.5827,23.61,78,89,1.13,VE,1735879227
412,hawera,-39.5917,174.2833,15.69,75,8,6.84,NZ,1735879228
413,brookings,44.3114,-96.7984,-12.19,86,0,3.6,US,1735879229
414,mahanoro,-19.9,48.8,28.26,61,86,1.16,MG,1735879230
415,kitami,43.8031,143.8908,-5.3,61,99,4.12,JP,1735879231
416,carbonear,47.7332,-53.2148,4.52,97,94,6.29,CA,1735879222
417,aasiaat,68.7098,-52.8699,-3.33,97,100,3.4,GL,1735879094
418,margate,51.3813,1.3862,0.39,79,9,0.45,GB,1735879235
419,las margaritas,16.3167,-91.9833,13.88,98,100,2.42,MX,1735879236
420,bulgan,48.8125,103.5347,-12.21,72,2,1.58,MN,1735879237
421,kaoma,-14.7833,24.8,18.77,92,98,2.05,ZM,1735879238
422,perbaungan,3.5679,98.956,28.05,76,100,2.94,ID,1735879239
423,isangel,-19.55,169.2667,27.54,79,90,3.31,VU,1735879240
424,puerto la cruz,10.2167,-64.6167,24.48,88,38,2.5,VE,1735879241
425,kristiansund,63.1115,7.732,1.74,74,75,8.75,NO,1735879242
426,villa ojo de agua,-29.5,-63.6938,24.76,34,18,3.06,AR,1735879244
427,firuzabad,28.8438,52.5707,3.29,41,0,3.51,IR,1735879245
428,lihue,21.9789,-159.3672,23.77,81,40,4.12,US,1735879067
429,plastun,44.7561,136.2939,-7.42,42,4,4.11,RU,1735879247
430,st. john's,47.5649,-52.7093,4.98,96,75,7.2,CA,1735879228
431,trairi,-3.2778,-39.2689,26.42,83,40,4.18,BR,1735879237
432,n'dalatando,-9.2978,14.9116,18.96,90,100,0.57,AO,1735879250
433,san pedro pochutla,15.7333,-96.4667,24.84,85,97,1.77,MX,1735879251
434,porbandar,21.6422,69.6093,24.94,42,67,2.62,IN,1735879252
435,santa rosalia,27.3167,-112.2833,14.8,46,78,0.51,MX,1735879254
436,hilo,19.7297,-155.09,22.85,91,100,1.54,US,1735879255
437,nguigmi,14.2495,13.1092,17.62,21,32,4.59,NE,1735879256
438,ocean city,39.2776,-74.5746,2.23,65,0,1.34,US,1735879257
439,burao,9.5221,45.5336,17.34,68,53,7.08,SO,1735879258
440,urucara,-2.5364,-57.76,22.87,98,100,0.73,BR,1735879259
441,crespo,-32.0287,-60.3066,20.17,34,0,3.87,AR,1735879260
442,flekkefjord,58.2971,6.6607,-4.33,39,45,7.21,NO,1735879261
443,san carlos de bariloche,-41.1456,-71.3082,13.86,72,0,1.54,AR,1735879047
444,diplo,24.4667,69.584,23.6,14,3,1.88,PK,1735879264
445,richards bay,-28.783,32.0377,25.88,81,100,3.26,ZA,1735879265
446,weihai,37.5017,122.1136,2.21,44,26,8.61,CN,1735879266
447,grand baie,-20.0182,57.5802,29.13,77,45,2.24,MU,1735879074
448,newman,37.3138,-121.0208,7.81,88,5,1.34,US,1735879269
449,naraini,25.1833,80.4833,19.68,23,2,2.37,IN,1735879270
450,meadow lakes,61.6247,-149.6011,-8.19,71,8,1.18,US,1735879272
451,burutu,5.3509,5.5076,25.49,87,61,1.88,NG,1735879273
452,amga,60.8953,131.9608,-41.94,99,74,0.41,RU,1735879274
453,southeast arcadia,27.1863,-81.8521,11.05,91,100,2.87,US,1735879275
454,saint-vallier,46.6411,4.3711,0.65,98,100,0.76,FR,1735879276
455,chaidari,38.0167,23.6667,10.17,90,0,1.34,GR,1735879277
456,chorbane,35.2858,10.3858,12.37,91,96,8.6,TN,1735879278
457,kiunga,-6.1219,141.2906,36.3,40,25,0.81,PG,1735879279
458,sandnessjoen,66.0217,12.6316,-4.77,74,40,5.14,NO,1735879282
459,oswego,43.4501,-76.1497,-1.7,91,100,3.13,US,1735879170
460,kavaratti,10.5669,72.642,27.56,66,100,4.96,IN,1735879285
461,souillac,-20.5167,57.5167,27.21,74,40,5.14,MU,1735879286
462,newton,42.337,-71.2092,1.57,58,75,5.66,US,1735879208
463,tshabong,-26.05,22.45,25.57,60,84,6.33,BW,1735879288
464,midvagur,62.0511,-7.1939,-2.54,74,75,9.26,FO,1735879290
465,klaksvik,62.2266,-6.589,-2.11,76,100,11.73,FO,1735879291
466,taradale,-39.5333,176.85,20.01,64,93,3.13,NZ,1735879292
467,balakhta,55.38,91.6,-14.22,95,64,1.66,RU,1735879294
468,fortuna,40.5982,-124.1573,14.96,97,100,0.45,US,1735879295
469,kirs,59.3388,52.2447,-7.22,88,100,4.72,RU,1735879296
470,karakecili,39.5942,33.3778,1.39,70,73,1.93,TR,1735879297
471,bandundu,-3.3167,17.3667,21.6,91,80,1.78,CD,1735879300
472,krasnovishersk,60.4078,57.082,-4.15,86,100,5.74,RU,1735879301
473,zhytomyr,50.2649,28.6767,-0.06,92,100,3.71,UA,1735879302
474,ar rutbah,33.0381,40.2848,4.09,53,0,2.86,IQ,1735879303
475,junin,-34.5838,-60.9433,16.93,30,0,3.09,AR,1735879065
476,gondia,21.45,80.2,23.14,21,9,0.65,IN,1735879305
477,santa rosa de copan,14.7667,-88.7833,14.42,99,100,0.97,HN,1735879308
478,abadan,30.3392,48.3043,3.97,81,0,4.12,IR,1735879309
479,dickson,36.077,-87.3878,3.97,60,75,3.09,US,1735879311
480,pitimbu,-7.4706,-34.8086,26.1,79,14,4.99,BR,1735879312
481,boyolangu,-8.1181,111.8935,29.09,63,94,3.91,ID,1735879313
482,bichura,50.5881,107.6022,-14.12,78,35,1.25,RU,1735879314
483,ceeldheer,3.8488,47.1806,25.94,68,4,10.08,SO,1735879316
484,majene,-3.5403,118.9707,28.53,72,85,2.53,ID,1735879317
485,sevastopol,44.6,33.5333,10.0,57,35,3.13,UA,1735879172
486,pisco,-13.7,-76.2167,20.03,88,0,0.0,PE,1735879320
487,greymouth,-42.4667,171.2,16.52,80,90,2.05,NZ,1735879322
488,sitka,57.0531,-135.33,2.94,48,100,3.6,US,1735879323
489,concepcion,-36.827,-73.0498,14.89,77,0,3.09,CL,1735879324
490,burang,30.25,81.1667,-3.13,51,80,1.59,CN,1735879325
491,fiambala,-27.6871,-67.6149,22.52,58,72,3.16,AR,1735879326
492,brokopondo,4.75,-55.1667,24.45,90,66,2.86,SR,1735879327
493,san fernando,15.0286,120.6898,30.85,71,100,2.82,PH,1735879328
494,middletown,39.5151,-84.3983,1.84,85,100,2.06,US,1735879217
495,ishpeming,46.4885,-87.6676,-6.9,83,99,3.47,US,1735879331
496,akureyri,65.6835,-18.0878,-12.04,85,95,3.6,IS,1735879332
497,lasem,-6.6922,111.4527,27.94,75,100,1.45,ID,1735879333
498,beltran,-27.8291,-64.061,25.98,56,18,2.17,AR,1735879334
499,waingapu,-9.6567,120.2641,25.31,86,100,1.85,ID,1735879335
500,ketchikan,55.3422,-131.6461,-0.01,80,100,4.02,US,1735879336
501,shiyan,32.6475,110.7781,7.93,35,30,2.93,CN,1735879337
502,lamu,-2.2717,40.902,26.12,77,11,4.13,KE,1735879339
503,sao tome,0.3365,6.7273,26.47,83,98,3.15,ST,1735879340
504,ibanda,0.9268,29.856,18.06,55,77,0.53,CD,1735879341
505,gislaved,57.3044,13.5408,-1.15,75,83,6.54,SE,1735879342
506,monkayo,7.8667,126.1,29.92,70,36,0.93,PH,1735879343
507,lichtenburg,-26.152,26.1597,20.37,76,64,4.24,ZA,1735879344
508,castanhal,-1.2939,-47.9264,22.82,99,36,0.89,BR,1735879345
509,bossangoa,6.4926,17.4552,18.38,23,96,0.83,CF,1735879347
510,kogalym,62.2654,74.4791,-21.42,100,95,4.09,RU,1735879348
511,tirano,46.2154,10.1679,2.88,83,94,4.45,IT,1735879349
512,maceio,-9.6658,-35.7353,23.69,94,20,2.06,BR,1735879120
513,aliveri,38.4167,24.0333,9.84,83,0,2.69,GR,1735879351
514,kencong,-8.2833,113.3667,28.12,67,99,3.6,ID,1735879352
515,dingwall,57.5953,-4.4272,1.05,93,100,0.51,GB,1735879353
516,portland,45.5234,-122.6762,6.13,94,100,4.92,US,1735879195
517,muyuka,4.2898,9.4103,25.08,85,92,0.66,CM,1735879356
518,puerto supe,-10.8167,-77.75,20.75,83,99,2.45,PE,1735879357
519,wotho,10.1657,166.0102,27.52,77,96,8.63,MH,1735879358
520,mermoz boabab,14.7065,-17.4758,19.88,73,0,4.12,SN,1735879360
521,puerto deseado,-47.7503,-65.8938,13.31,89,3,4.08,AR,1735879362
522,nouadhibou,20.931,-17.0347,16.99,36,0,7.72,MR,1735879363
523,argun,43.29,45.87,-2.71,100,0,2.0,RU,1735879364
524,bratsk,56.1325,101.6142,-17.03,76,100,1.36,RU,1735879365
525,alice springs,-23.7,133.8833,38.75,8,0,5.14,AU,1735879366
526,enriquillo,17.9,-71.2333,22.55,86,99,4.52,DO,1735879367
527,port-vila,-17.7338,168.3219,29.78,70,75,2.57,VU,1735879369
528,bikaner,28.0167,73.3,21.04,14,93,1.65,IN,1735879370
529,bubaque,11.2833,-15.8333,25.6,58,27,7.43,GW,1735879371
530,trinidad,-14.8333,-64.9,24.44,75,82,1.71,BO,1735879372
531,harstad,68.799,16.5293,-0.47,73,99,3.6,NO,1735879373
532,argo,37.6333,22.7333,7.07,75,0,1.77,GR,1735879374
533,conceicao da barra,-18.5933,-39.7322,22.79,92,50,2.22,BR,1735879375
534,mega,4.05,38.3,17.68,41,85,7.54,ET,1735879376
535,bodo,67.28,14.405,-5.98,92,40,2.57,NO,1735879378
536,mariakani,-3.8633,39.4736,24.42,87,15,2.08,KE,1735879379
537,namtsy,62.7161,129.6658,-46.44,99,64,0.52,RU,1735879380
538,wynyard,-41.0,145.7167,17.88,65,70,2.68,AU,1735879381
539,guerrero negro,27.9769,-114.0611,16.24,44,60,3.49,MX,1735879382
540,marsh harbour,26.5412,-77.0636,20.59,60,84,4.57,BS,1735879132
541,teknaf,20.8624,92.3058,23.3,59,18,1.95,BD,1735879384
542,priozersk,61.0393,30.1291,-4.95,77,88,3.3,RU,1735879385
543,vila do maio,15.1333,-23.2167,23.23,65,18,7.1,CV,1735879386
544,alpena,45.0617,-83.4327,-3.82,82,100,3.6,US,1735879388
545,port saint john's,-31.6229,29.5448,24.31,79,40,1.77,ZA,1735879309
546,mossel bay,-34.1831,22.146,20.96,80,20,0.51,ZA,1735879390
547,sovetskaya gavan',48.9723,140.2878,-12.89,68,4,4.72,RU,1735879391
548,maturin,9.75,-63.1767,22.91,98,39,2.05,VE,1735879392
549,kalmunai,7.4167,81.8167,26.78,71,91,6.67,LK,1735879393
550,berezovyy,51.6667,135.7,-17.45,83,73,0.51,RU,1735879394
551,sidi amrane,33.4989,6.008,10.87,65,18,3.11,DZ,1735879395
552,aipe,3.2222,-75.2367,22.0,90,39,0.6,CO,1735879396
553,aromashevo,56.8602,68.6375,-4.23,94,99,5.05,RU,1735879398
554,copiapo,-27.3667,-70.3333,18.02,66,3,0.85,CL,1735879295
555,eyl,7.9803,49.8164,24.85,63,43,11.16,SO,1735879400
556,kenora,49.8167,-94.4337,-17.35,85,100,5.66,CA,1735879401
557,ende,-8.8432,121.6623,24.15,98,100,1.79,ID,1735879402
558,sinabang,2.4803,96.3801,28.69,72,76,1.52,ID,1735879403
559,sesheke,-17.4759,24.2968,19.92,95,100,1.67,ZM,1735879404
560,vernon,50.2581,-119.2691,0.97,91,100,0.0,CA,1735879406
561,illizi,26.4833,8.4667,7.86,43,0,2.46,DZ,1735879407
562,zhatay,62.1594,129.8294,-49.97,64,100,0.0,RU,1735879408
563,paidha,2.4167,30.9855,18.54,57,88,1.23,UG,1735879409
564,monteagudo,-19.8167,-63.9833,19.71,97,100,0.95,BO,1735879410
565,coahuayana de hidalgo,18.7,-103.6583,21.3,92,66,1.73,MX,1735879411
566,cockburn town,21.4612,-71.1419,24.26,78,93,8.78,TC,1735879412
567,shenjiamen,29.9576,122.298,10.02,70,8,6.06,CN,1735879413
568,almeirim,-1.5233,-52.5817,22.86,97,92,1.41,BR,1735879415
569,thames,-37.1333,175.5333,19.91,52,17,6.64,NZ,1735879416
570,timbuktu,16.7735,-3.0074,12.65,33,0,5.79,ML,1735879417
571,tucurui,-3.7661,-49.6725,23.18,93,92,0.99,BR,1735879419
572,afif,23.9065,42.9172,6.29,52,0,4.59,SA,1735879421
573,sechura,-5.5569,-80.8222,21.64,78,100,3.82,PE,1735879422
574,horta,38.5333,-28.6333,18.34,94,99,7.6,PT,1735879424
575,yardimli,38.9206,48.2372,4.38,42,1,2.3,AZ,1735879425
576,darnah,32.767,22.6367,13.63,56,100,4.37,LY,1735879426
577,altay,47.8667,88.1167,-7.75,96,100,0.21,CN,1735879427
578,rosario de mora,13.5753,-89.2089,23.75,81,100,2.94,SV,1735879428
579,panacan,9.2463,118.4082,28.94,73,89,1.64,PH,1735879429
580,aldinga beach,-35.2793,138.4604,34.49,27,0,3.51,AU,1735879430
581,yermentau,51.6214,73.1069,-5.8,93,100,13.29,KZ,1735879432
